"Input","Output","Style","Quality"
me and my friends were planning to go out tonight you wanna join us?,"My friends and I are planning to go out tonight, do you want to join us?",formal,good
me and my friends were planning to go out tonight you wanna join us?,I and my friends were planning to go out tonight. Would you like to join us?,expressive,good
me and my friends were planning to go out tonight you wanna join us?,My friends and I would like to go out tonight will you join us?,casual,good
I regret to inform you that I will not be able to attend the meeting due to prior commitments.,Regret to inform you that i will not be able to attend the meeting due to previous commitments.,formal,good
I regret to inform you that I will not be able to attend the meeting due to prior commitments.,I will not be able to attend the meeting because of prior commitments.,expressive,good
I regret to inform you that I will not be able to attend the meeting due to prior commitments.,I am sorry to inform you that i will not be able to attend the meeting.,casual,good
I regret to inform you that I will not be able to attend the meeting due to prior commitments.,I can't attend the meeting due to prior commitments.,formal,good
I regret to inform you that I will not be able to attend the meeting due to prior commitments.,I'm sorry I won't be able to attend the meeting due to prior commitments.,expressive,good
I regret to inform you that I will not be able to attend the meeting due to prior commitments.,I regret that I cannot make it to the meeting due to prior commitments.,casual,good
"Technology is evolving rapidly, and keeping up with it requires constant learning",Technology is evolving quickly in order to keep up with it requires constant learning.,formal,good
"Technology is evolving rapidly, and keeping up with it requires constant learning",Technology is developing quickly and it requires constant learning to keep up with it.,expressive,good
"Technology is evolving rapidly, and keeping up with it requires constant learning",Technology is evolving rapidly and learning to keep up with it requires constant effort.,casual,good
"She didn’t expect the results to turn out this way, but she adapted quickly","She did n't expect the results to turn out this way, but she was very adaptable.",formal,good
"She didn’t expect the results to turn out this way, but she adapted quickly",She didn’t expect the results to turn out as she expected but she quickly adapted to the situation.,expressive,good
"She didn’t expect the results to turn out this way, but she adapted quickly",She didn't expect that the result would turn out this way but she bounced back quickly.,casual,good
i was very very happy and excited about the event but it got cancelled suddenly,I was excited about the event but it got cancelled suddenly.,formal,good
i was very very happy and excited about the event but it got cancelled suddenly,I was very excited about the event but it was cancelled.,expressive,good
i was very very happy and excited about the event but it got cancelled suddenly,"I was very excited about the event, but it got cancelled.",casual,good
me and my frnds going for movie tmrw u wanna come?,My friends and I are planning to go to a movie tomorrow. Would you like to join us?,formal,good
me and my frnds going for movie tmrw u wanna come?,My friends and I are heading out for a movie tomorrow—would you like to come along with us?,expressive,good
me and my frnds going for movie tmrw u wanna come?,"Me and my friends are going to a movie tomorrow, wanna come?",casual,good
although i was not fully prepared for the presentation i still managed to deliver it somehow and the feedback was surprisingly good,"Although I was not fully prepared for the presentation, I managed to deliver it successfully, and the feedback was unexpectedly positive.",formal,good
although i was not fully prepared for the presentation i still managed to deliver it somehow and the feedback was surprisingly good,"Even though I wasn’t completely prepared, I somehow pulled off the presentation, and the feedback turned out to be surprisingly encouraging.",expressive,good
although i was not fully prepared for the presentation i still managed to deliver it somehow and the feedback was surprisingly good,"I wasn’t really prepared for the presentation, but I still managed it, and the feedback was actually pretty good.",casual,good
i was very very happy and excited about the event but it got cancelled suddenly,"I was extremely excited about the event; however, it was unexpectedly cancelled.",formal,good
i was very very happy and excited about the event but it got cancelled suddenly,"I was incredibly excited and looking forward to the event, but it was suddenly called off.",expressive,good
i was very very happy and excited about the event but it got cancelled suddenly,"I was really excited about the event, but it got cancelled all of a sudden.",casual,good
i regret to inform that i wont be able attend the meeting due to some personal reasons,I regret to inform you that I will not be able to attend the meeting due to personal reasons.,formal,good
i regret to inform that i wont be able attend the meeting due to some personal reasons,I’m sorry to say that I won’t be able to make it to the meeting because of some personal matters.,expressive,good
i regret to inform that i wont be able attend the meeting due to some personal reasons,"Hey, I won’t be able to attend the meeting because of some personal stuff.",casual,good
if we had planned earlier things could be better but now its too late i guess,"If we had planned earlier, the outcome could have been better; however, it is now too late.",formal,good
if we had planned earlier things could be better but now its too late i guess,"Things might have turned out much better if we had planned ahead, but unfortunately, it’s too late now.",expressive,good
if we had planned earlier things could be better but now its too late i guess,"If we had planned earlier, things would’ve been better, but I guess it’s too late now.",casual,good
i couldnt finish the report on time because of unexpected issues,I was unable to complete the report on time due to unforeseen issues.,formal,good
i couldnt finish the report on time because of unexpected issues,I couldn’t finish the report on time because some unexpected problems came up along the way.,expressive,good
i couldnt finish the report on time because of unexpected issues,"I couldn’t get the report done on time, some random issues popped up.",casual,good
we planned a trip but had to cancel it last minute because of weather,"We had planned a trip, but it had to be cancelled at the last minute due to unfavorable weather conditions.",formal,good
we planned a trip but had to cancel it last minute because of weather,"We were really looking forward to the trip, but unfortunately, the weather forced us to cancel it at the last moment.",expressive,good
we planned a trip but had to cancel it last minute because of weather,We had a trip planned but had to cancel it last minute because of the weather.,casual,good
i tried to learn coding but it was confusing at first,"I attempted to learn coding, but initially found it quite confusing.",formal,good
i tried to learn coding but it was confusing at first,"When I first started learning coding, it felt confusing and a bit overwhelming.",expressive,good
i tried to learn coding but it was confusing at first,"I tried learning coding, but it was pretty confusing at the start.",casual,good
sorry for replying late i was busy with some work,"I apologize for the delayed response, as I was occupied with work.",formal,good
sorry for replying late i was busy with some work,I’m really sorry for the late reply—I got caught up with some work.,expressive,good
sorry for replying late i was busy with some work,"Sorry for the late reply, I was busy with some work.",casual,good
if you keep trying you will eventually succeed,Consistent effort and persistence will eventually lead to success.,formal,good
if you keep trying you will eventually succeed,"If you keep pushing forward and don’t give up, success will come your way eventually.",expressive,good
if you keep trying you will eventually succeed,"Just keep trying, you’ll succeed eventually.",casual,good
i missed the deadline because i got stuck with too many tasks,"I missed the deadline due to being overwhelmed with multiple tasks.",formal,good
i missed the deadline because i got stuck with too many tasks,"I ended up missing the deadline because I was juggling too many responsibilities at once.",expressive,good
i missed the deadline because i got stuck with too many tasks,"I missed the deadline, had too much on my plate.",casual,good
the meeting was boring and went on for too long,"The meeting was unengaging and extended beyond an appropriate duration.",formal,good
the meeting was boring and went on for too long,"The meeting felt dull and seemed to drag on endlessly.",expressive,good
the meeting was boring and went on for too long,"That meeting was boring and way too long.",casual,good
i forgot to bring my documents so i couldnt complete the process,"I was unable to complete the process as I forgot to bring the required documents.",formal,good
i forgot to bring my documents so i couldnt complete the process,"I couldn’t finish the process because I realized too late that I had forgotten my documents.",expressive,good
i forgot to bring my documents so i couldnt complete the process,"I forgot my documents so couldn’t finish the process.",casual,good
he didnt reply to my message so i assumed he was busy,"As he did not respond to my message, I assumed he was occupied.",formal,good
he didnt reply to my message so i assumed he was busy,"Since he didn’t reply, I figured he must have been busy with something important.",expressive,good
he didnt reply to my message so i assumed he was busy,"He didn’t reply so I thought he was busy.",casual,good
the app crashed suddenly and i lost all my progress,"The application crashed unexpectedly, resulting in the loss of all my progress.",formal,good
the app crashed suddenly and i lost all my progress,"The app suddenly crashed, and I ended up losing everything I had been working on.",expressive,good
the app crashed suddenly and i lost all my progress,"The app crashed and I lost all my progress.",casual,good
i didnt understand the instructions properly so i made mistakes,"I made errors due to not fully understanding the instructions.",formal,good
i didnt understand the instructions properly so i made mistakes,"Because I didn’t fully grasp the instructions, I ended up making several mistakes.",expressive,good
i didnt understand the instructions properly so i made mistakes,"Didn’t understand the instructions properly so messed up.",casual,good
we waited for hours but the service was still not available,"We waited for several hours, yet the service remained unavailable.",formal,good
we waited for hours but the service was still not available,"Even after waiting for hours, the service never became available.",expressive,good
we waited for hours but the service was still not available,"Waited for hours but still no service.",casual,good
i was tired but i still completed the work somehow,"Despite being tired, I managed to complete the work.",formal,good
i was tired but i still completed the work somehow,"Even though I was exhausted, I somehow pushed through and finished the work.",expressive,good
i was tired but i still completed the work somehow,"I was tired but still got the work done somehow.",casual,good
the internet connection was slow so the download took a long time,"The download took an extended period due to a slow internet connection.",formal,good
the internet connection was slow so the download took a long time,"Because the internet was so slow, the download ended up taking forever.",expressive,good
the internet connection was slow so the download took a long time,"Internet was slow so download took long.",casual,good
i wasnt sure about the decision but i went ahead anyway,"Although I was uncertain about the decision, I proceeded nonetheless.",formal,good
i wasnt sure about the decision but i went ahead anyway,"I wasn’t completely confident about the decision, but I chose to move forward anyway.",expressive,good
i wasnt sure about the decision but i went ahead anyway,"Wasn’t sure about it but still went ahead.",casual,good
he stood alone in the rain thinking about everything he had lost,"He stood alone in the rain, reflecting on everything he had lost.",formal,good
he stood alone in the rain thinking about everything he had lost,"Standing there in the pouring rain, he was overwhelmed by thoughts of everything he had lost.",expressive,good
he stood alone in the rain thinking about everything he had lost,He was just standing in the rain thinking about everything he lost.,casual,good
she realized at that moment that nothing would ever be the same again,She realized in that moment that nothing would ever be the same again.,formal,good
she realized at that moment that nothing would ever be the same again,"In that very moment, she understood that her life would never be the same again.",expressive,good
she realized at that moment that nothing would ever be the same again,She suddenly realized things would never be the same again.,casual,good
the city was silent as if it was hiding a secret no one was meant to know,"The city was silent, as though it was concealing a secret no one was meant to uncover.",formal,good
the city was silent as if it was hiding a secret no one was meant to know,"An eerie silence filled the city, as if it were guarding a secret meant to remain hidden.",expressive,good
the city was silent as if it was hiding a secret no one was meant to know,The city was quiet like it was hiding some secret.,casual,good
he made a promise he knew he might never be able to keep,He made a promise he knew he might not be able to fulfill.,formal,good
he made a promise he knew he might never be able to keep,"He gave his word, even though deep down he knew he might never be able to keep it.",expressive,good
he made a promise he knew he might never be able to keep,He promised something he wasn’t sure he could keep.,casual,good
she smiled even though her heart was breaking inside,"She smiled, despite the pain she was feeling inside.",formal,good
she smiled even though her heart was breaking inside,"She forced a smile, even as her heart quietly shattered within her.",expressive,good
she smiled even though her heart was breaking inside,She smiled even though she was hurting inside.,casual,good
they walked away from each other knowing it was probably the last time,"They walked away from each other, aware it might be the final time.",formal,good
they walked away from each other knowing it was probably the last time,"They parted ways, both silently realizing it could be their last goodbye.",expressive,good
they walked away from each other knowing it was probably the last time,They walked away knowing it might be the last time.,casual,good
the truth finally came out and it changed everything between them,"The truth eventually surfaced, altering everything between them.",formal,good
the truth finally came out and it changed everything between them,"When the truth finally came to light, it completely changed their relationship.",expressive,good
the truth finally came out and it changed everything between them,The truth came out and everything changed between them.,casual,good
he looked at the old photograph and remembered the life he once had,He looked at the old photograph and recalled the life he once lived.,formal,good
he looked at the old photograph and remembered the life he once had,"As he stared at the old photograph, memories of his past life came flooding back.",expressive,good
he looked at the old photograph and remembered the life he once had,He looked at the old photo and remembered his past.,casual,good
she took a deep breath before stepping into the unknown,She took a deep breath before entering the unknown.,formal,good
she took a deep breath before stepping into the unknown,"She inhaled deeply, preparing herself before stepping into an uncertain future.",expressive,good
she took a deep breath before stepping into the unknown,She took a deep breath before stepping into something unknown.,casual,good
the storm outside matched the chaos he felt within himself,The storm outside reflected the turmoil he felt within.,formal,good
the storm outside matched the chaos he felt within himself,The raging storm outside mirrored the chaos brewing inside him.,expressive,good
the storm outside matched the chaos he felt within himself,The storm outside felt like what was going on inside him.,casual,good
he waited for hours but she never showed up,"He waited for hours, but she never arrived.",formal,good
he waited for hours but she never showed up,"He waited endlessly, yet she never came.",expressive,good
he waited for hours but she never showed up,He waited for hours but she didn’t show up.,casual,good
she had always trusted him but this time things felt different,"She had always trusted him, but this time something felt different.",formal,good
she had always trusted him but this time things felt different,"She had always believed in him, yet this time, something felt unsettlingly different.",expressive,good
she had always trusted him but this time things felt different,She always trusted him but this time it felt off.,casual,good
the decision he made that night would haunt him forever,The decision he made that night would trouble him for the rest of his life.,formal,good
the decision he made that night would haunt him forever,"That night’s decision stayed with him, haunting him for the rest of his life.",expressive,good
the decision he made that night would haunt him forever,That decision would haunt him forever.,casual,good
she followed the sound hoping it would lead her somewhere safe,"She followed the sound, hoping it would guide her to safety.",formal,good
she followed the sound hoping it would lead her somewhere safe,"She chased the faint sound, clinging to the hope that it would lead her somewhere safe.",expressive,good
she followed the sound hoping it would lead her somewhere safe,She followed the sound hoping it would take her somewhere safe.,casual,good
he knew he had one last chance to fix everything,He knew he had one final opportunity to resolve everything.,formal,good
he knew he had one last chance to fix everything,He realized this was his last chance to make things right.,expressive,good
he knew he had one last chance to fix everything,He knew this was his last chance to fix things.,casual,good
the moment their eyes met everything around them faded away,"The moment their eyes met, everything else seemed to disappear.",formal,good
the moment their eyes met everything around them faded away,"When their eyes locked, the world around them faded into nothingness.",expressive,good
the moment their eyes met everything around them faded away,"When they looked at each other, everything else faded away.",casual,good
she ran as fast as she could without looking back,She ran as fast as she could without turning back.,formal,good
she ran as fast as she could without looking back,"She sprinted forward, never daring to look back even once.",expressive,good
she ran as fast as she could without looking back,She ran fast without looking back.,casual,good
he tried to hide the truth but it was written all over his face,"He attempted to conceal the truth, but it was evident on his face.",formal,good
he tried to hide the truth but it was written all over his face,"He tried to hide the truth, but his expression revealed everything.",expressive,good
he tried to hide the truth but it was written all over his face,He tried to hide it but it was obvious on his face.,casual,good
they had come too far to give up now,They had progressed too far to abandon their efforts now.,formal,good
they had come too far to give up now,They had come such a long way that giving up now was not an option.,expressive,good
they had come too far to give up now,They had come too far to quit now.,casual,good
she finally found the courage to speak what she had been hiding,She finally gathered the courage to express what she had been concealing.,formal,good
she finally found the courage to speak what she had been hiding,"At last, she found the strength to voice what she had kept hidden for so long.",expressive,good
she finally found the courage to speak what she had been hiding,She finally got the courage to say what she was hiding.,casual,good
"he knew something was wrong but he couldnt figure out what it was","He sensed that something was wrong, but he could not identify the issue.",formal,good
"he knew something was wrong but he couldnt figure out what it was","He had a strong feeling that something wasn’t right, yet he couldn’t quite understand what it was.",expressive,good
"he knew something was wrong but he couldnt figure out what it was","He knew something was off but couldn’t figure out what.",casual,good
"she kept reading the letter again and again trying to understand its meaning","She repeatedly read the letter in an attempt to understand its meaning.",formal,good
"she kept reading the letter again and again trying to understand its meaning","She read the letter over and over, desperately trying to make sense of what it meant.",expressive,good
"she kept reading the letter again and again trying to understand its meaning","She kept rereading the letter trying to understand it.",casual,good
"the room felt smaller as the tension between them kept growing","The room seemed to feel more confined as the tension between them increased.",formal,good
"the room felt smaller as the tension between them kept growing","As the tension between them intensified, the room seemed to shrink around them.",expressive,good
"the room felt smaller as the tension between them kept growing","The room felt smaller as things got more tense between them.",casual,good
"he wanted to say something but the words just wouldnt come out","He wished to speak, but he was unable to express himself.",formal,good
"he wanted to say something but the words just wouldnt come out","He wanted to say something, but the words simply refused to come out.",expressive,good
"he wanted to say something but the words just wouldnt come out","He wanted to say something but couldn’t get the words out.",casual,good
"she stared at the door hoping someone would walk in and change everything","She gazed at the door, hoping someone would enter and alter everything.",formal,good
"she stared at the door hoping someone would walk in and change everything","She kept staring at the door, hoping someone would walk in and change everything.",expressive,good
"she stared at the door hoping someone would walk in and change everything","She stared at the door hoping someone would come in and fix things.",casual,good
"they both knew the conversation they were about to have would not be easy","They were both aware that the upcoming conversation would be difficult.",formal,good
"they both knew the conversation they were about to have would not be easy","Both of them knew that the conversation ahead would be challenging and uncomfortable.",expressive,good
"they both knew the conversation they were about to have would not be easy","They both knew this talk wasn’t going to be easy.",casual,good
"he smiled like nothing happened but inside he was completely broken","He maintained a smile as if nothing had occurred, despite feeling deeply broken inside.",formal,good
"he smiled like nothing happened but inside he was completely broken","He smiled as though everything was fine, even though he was completely shattered inside.",expressive,good
"he smiled like nothing happened but inside he was completely broken","He smiled like nothing happened but was broken inside.",casual,good
"she had been waiting for this moment her whole life but now she was scared","She had anticipated this moment her entire life, yet she now felt afraid.",formal,good
"she had been waiting for this moment her whole life but now she was scared","She had waited her whole life for this moment, but now that it was here, she was scared.",expressive,good
"she had been waiting for this moment her whole life but now she was scared","She waited her whole life for this but now she’s scared.",casual,good
"the silence between them said more than words ever could","The silence between them conveyed more than words ever could.",formal,good
"the silence between them said more than words ever could","The silence between them spoke louder than anything they could have said.",expressive,good
"the silence between them said more than words ever could","Their silence said more than words.",casual,good
"he realized too late that he had taken everything for granted","He came to the realization too late that he had taken everything for granted.",formal,good
"he realized too late that he had taken everything for granted","He realized, far too late, that he had taken everything for granted.",expressive,good
"he realized too late that he had taken everything for granted","He realized too late he took everything for granted.",casual,good
"she looked around and realized she was completely alone","She looked around and recognized that she was entirely alone.",formal,good
"she looked around and realized she was completely alone","She glanced around and suddenly realized she was completely alone.",expressive,good
"she looked around and realized she was completely alone","She looked around and saw she was alone.",casual,good
"he tried to fix things but every step made it worse","He attempted to resolve the situation, but each effort worsened it.",formal,good
"he tried to fix things but every step made it worse","He tried to fix things, but with every step, it only got worse.",expressive,good
"he tried to fix things but every step made it worse","He tried fixing it but made it worse.",casual,good
"she couldn’t believe how quickly everything had fallen apart","She was unable to believe how rapidly everything had collapsed.",formal,good
"she couldn’t believe how quickly everything had fallen apart","She couldn’t believe how quickly everything had fallen apart.",expressive,good
"she couldn’t believe how quickly everything had fallen apart","She couldn’t believe how fast everything fell apart.",casual,good
"he had a choice to make and either way he would lose something important","He was faced with a decision in which he would lose something valuable regardless of his choice.",formal,good
"he had a choice to make and either way he would lose something important","He had to make a choice, knowing that either way, he would lose something important.",expressive,good
"he had a choice to make and either way he would lose something important","He had to choose but would lose something either way.",casual,good
"she pretended to be okay so no one would worry about her","She pretended to be fine in order to prevent others from worrying about her.",formal,good
"she pretended to be okay so no one would worry about her","She acted like everything was okay so that no one would worry about her.",expressive,good
"she pretended to be okay so no one would worry about her","She acted okay so no one would worry.",casual,good
"he walked into the room not knowing it would change his life forever","He entered the room unaware that it would permanently alter his life.",formal,good
"he walked into the room not knowing it would change his life forever","He walked into the room, not knowing it would change his life forever.",expressive,good
"he walked into the room not knowing it would change his life forever","He walked in not knowing it would change everything.",casual,good
"she kept moving forward even though she had no idea where she was going","She continued to move forward despite having no clear direction.",formal,good
"she kept moving forward even though she had no idea where she was going","She kept going, even though she had no idea where she was headed.",expressive,good
"she kept moving forward even though she had no idea where she was going","She kept moving without knowing where she was going.",casual,good
"he felt like giving up but something inside him told him to keep going","He felt inclined to give up, but an inner voice urged him to continue.",formal,good
"he felt like giving up but something inside him told him to keep going","He felt like giving up, but something deep inside pushed him to keep going.",expressive,good
"he felt like giving up but something inside him told him to keep going","He felt like quitting but something told him to keep going.",casual,good
"she remembered all the promises that were never kept","She recalled all the promises that had not been fulfilled.",formal,good
"she remembered all the promises that were never kept","She thought about all the promises that were made but never kept.",expressive,good
she remembered all the promises that were never kept,She remembered all the promises she had not kept.,casual,good
"Success doesn’t come overnight, it is built through consistent effort and patience","Success is not achieved overnight; it is developed through consistent effort and patience.",formal,good
"Success doesn’t come overnight, it is built through consistent effort and patience","Success takes time to blossom, growing through patience and unwavering effort.",expressive,good
"Success doesn’t come overnight, it is built through consistent effort and patience","Success doesn’t just happen overnight, it comes from steady effort and patience.",casual,good
"Your mindset shapes your reality more than your circumstances ever will","Your mindset influences your reality more significantly than your circumstances ever could.",formal,good
"Your mindset shapes your reality more than your circumstances ever will","The way you think has the power to shape your reality beyond any situation you face.",expressive,good
"Your mindset shapes your reality more than your circumstances ever will","Your mindset matters more than your situation in shaping your reality.",casual,good
"Failures are not the end, they are lessons guiding you toward success","Failures are not final outcomes; they serve as lessons that guide you toward success.",formal,good
"Failures are not the end, they are lessons guiding you toward success","Every failure carries a lesson, quietly leading you closer to success.",expressive,good
"Failures are not the end, they are lessons guiding you toward success","Failure isn’t the end, it just teaches you how to get to success.",casual,good
"Discipline is choosing what you want most over what you want now","Discipline involves prioritizing long-term goals over immediate desires.",formal,good
"Discipline is choosing what you want most over what you want now","Discipline is the quiet strength of choosing your bigger dreams over temporary temptations.",expressive,good
"Discipline is choosing what you want most over what you want now","Discipline means picking what matters most instead of what feels good right now.",casual,good
"Growth begins when you step outside your comfort zone","Growth begins when you step beyond the boundaries of your comfort zone.",formal,good
"Growth begins when you step outside your comfort zone","Real growth starts the moment you dare to leave what feels safe and familiar.",expressive,good
"Growth begins when you step outside your comfort zone","You only grow when you get out of your comfort zone.",casual,good
"You become stronger every time you overcome something you thought you couldn’t","You grow stronger each time you overcome a challenge you once believed was impossible.",formal,good
"You become stronger every time you overcome something you thought you couldn’t","Every time you conquer what once scared you, you discover a stronger version of yourself.",expressive,good
"You become stronger every time you overcome something you thought you couldn’t","You get stronger every time you beat something you thought you couldn’t handle.",casual,good
"Your past does not define you, your actions today do","Your past does not define you; your present actions are what truly shape who you are.",formal,good
"Your past does not define you, your actions today do","Who you were yesterday does not define you, but what you choose to do today does.",expressive,good
"Your past does not define you, your actions today do","Your past doesn’t decide who you are, what you do today does.",casual,good
"Small consistent actions create big results over time","Small, consistent actions lead to significant results over time.",formal,good
"Small consistent actions create big results over time","Tiny efforts, repeated daily, quietly build into something extraordinary over time.",expressive,good
"Small consistent actions create big results over time","Doing small things regularly leads to big results over time.",casual,good
"Doubt kills more dreams than failure ever will","Doubt destroys more dreams than failure ever could.",formal,good
"Doubt kills more dreams than failure ever will","More dreams fade away because of doubt than because of failure itself.",expressive,good
"Doubt kills more dreams than failure ever will","Doubt ruins more dreams than failure does.",casual,good
"Happiness is found when you stop comparing your journey to others","Happiness is achieved when you stop comparing your journey with others.",formal,good
"Happiness is found when you stop comparing your journey to others","True happiness appears when you embrace your own path instead of comparing it to others.",expressive,good
"Happiness is found when you stop comparing your journey to others","You feel happier when you stop comparing your life to others.",casual,good
"Rahul and Aman planned a sudden trip to Manali to escape the city chaos","Rahul and Aman organized an unplanned trip to Manali to get away from the chaos of city life.",formal,good
"Rahul and Aman planned a sudden trip to Manali to escape the city chaos","Rahul and Aman spontaneously set off for Manali, leaving behind the noise and chaos of the city.",expressive,good
"Rahul and Aman planned a sudden trip to Manali to escape the city chaos","Rahul and Aman took a quick trip to Manali to get away from city stress.",casual,good
"Priya visited Jaipur last winter and fell in love with its rich culture and architecture","Priya traveled to Jaipur last winter and developed a deep appreciation for its cultural heritage and architectural beauty.",formal,good
"Priya visited Jaipur last winter and fell in love with its rich culture and architecture","Last winter, Priya explored Jaipur and was captivated by its vibrant culture and stunning architecture.",expressive,good
"Priya visited Jaipur last winter and fell in love with its rich culture and architecture","Priya went to Jaipur last winter and really loved its culture and buildings.",casual,good
"Arjun missed his train to Mumbai but decided to explore Delhi for another day","Arjun missed his train to Mumbai and chose to spend an additional day exploring Delhi.",formal,good
"Arjun missed his train to Mumbai but decided to explore Delhi for another day","After missing his train to Mumbai, Arjun decided to make the most of it by discovering more of Delhi.",expressive,good
"Arjun missed his train to Mumbai but decided to explore Delhi for another day","Arjun missed his Mumbai train, so he stayed another day in Delhi.",casual,good
"Sneha and her friends went on a road trip to Rishikesh and enjoyed river rafting","Sneha and her friends embarked on a road trip to Rishikesh and participated in river rafting activities.",formal,good
"Sneha and her friends went on a road trip to Rishikesh and enjoyed river rafting","Sneha and her friends hit the road to Rishikesh and had an exciting time river rafting.",expressive,good
"Sneha and her friends went on a road trip to Rishikesh and enjoyed river rafting","Sneha and her friends drove to Rishikesh and had fun doing river rafting.",casual,good
"Karan traveled to Goa alone to take a break and clear his mind","Karan traveled to Goa independently to take a break and rejuvenate his mind.",formal,good
"Karan traveled to Goa alone to take a break and clear his mind","Karan set off alone to Goa, hoping to relax and clear his thoughts.",expressive,good
"Karan traveled to Goa alone to take a break and clear his mind","Karan went to Goa alone to relax and clear his head.",casual,good
"Megha booked a last-minute flight to Bangalore for an important meeting","Megha reserved a last-minute flight to Bangalore to attend an important meeting.",formal,good
"Megha booked a last-minute flight to Bangalore for an important meeting","With little time to spare, Megha quickly booked a flight to Bangalore for a crucial meeting.",expressive,good
"Megha booked a last-minute flight to Bangalore for an important meeting","Megha booked a last-minute flight to Bangalore for a meeting.",casual,good
"Rohit and Neha explored the streets of Paris and tried different local cuisines","Rohit and Neha explored the streets of Paris and sampled a variety of local cuisines.",formal,good
"Rohit and Neha explored the streets of Paris and tried different local cuisines","Rohit and Neha wandered through Paris, enjoying its streets and tasting delicious local dishes.",expressive,good
"Rohit and Neha explored the streets of Paris and tried different local cuisines","Rohit and Neha walked around Paris and tried local food.",casual,good
"Ankit visited Shimla during snowfall and captured beautiful photographs","Ankit visited Shimla during snowfall and captured visually appealing photographs.",formal,good
"Ankit visited Shimla during snowfall and captured beautiful photographs","While snow fell around him in Shimla, Ankit captured some truly beautiful moments on camera.",expressive,good
"Ankit visited Shimla during snowfall and captured beautiful photographs","Ankit went to Shimla in the snow and took nice photos.",casual,good
"Pooja planned a solo backpacking trip across Himachal Pradesh","Pooja organized a solo backpacking journey across Himachal Pradesh.",formal,good
"Pooja planned a solo backpacking trip across Himachal Pradesh","Pooja set out on an adventurous solo backpacking trip through Himachal Pradesh.",expressive,good
"Pooja planned a solo backpacking trip across Himachal Pradesh","Pooja planned a solo backpacking trip in Himachal.",casual,good
"Vikram and his family went to Agra to see the Taj Mahal for the first time","Vikram and his family traveled to Agra to visit the Taj Mahal for the first time.",formal,good
"Vikram and his family went to Agra to see the Taj Mahal for the first time","Vikram and his family experienced the beauty of the Taj Mahal in Agra for the very first time.",expressive,good
"Vikram and his family went to Agra to see the Taj Mahal for the first time","Vikram and his family went to Agra to see the Taj Mahal for the first time.",casual,good
"Riya asked Aarav if they should leave early for the airport to avoid traffic","Riya inquired whether they should depart early for the airport to avoid traffic congestion.",formal,good
"Riya asked Aarav if they should leave early for the airport to avoid traffic","Riya suggested to Aarav that they leave early for the airport so they wouldn’t get stuck in traffic.",expressive,good
"Riya asked Aarav if they should leave early for the airport to avoid traffic","Riya asked Aarav if they should go early to avoid traffic.",casual,good
"Kabir told Ananya that the hotel they booked had an amazing mountain view","Kabir informed Ananya that the hotel they reserved offered an excellent view of the mountains.",formal,good
"Kabir told Ananya that the hotel they booked had an amazing mountain view","Kabir excitedly told Ananya that their hotel had a stunning view of the mountains.",expressive,good
"Kabir told Ananya that the hotel they booked had an amazing mountain view","Kabir told Ananya their hotel had a great mountain view.",casual,good
"Neha asked Rohit if he had packed everything for the Goa trip","Neha asked Rohit whether he had completed packing for their trip to Goa.",formal,good
"Neha asked Rohit if he had packed everything for the Goa trip","Neha checked with Rohit to make sure he had packed everything for their Goa trip.",expressive,good
"Neha asked Rohit if he had packed everything for the Goa trip","Neha asked Rohit if he packed everything for Goa.",casual,good
"Aman told Rahul that they might miss the train if they didn’t leave immediately","Aman informed Rahul that they could miss the train if they did not leave immediately.",formal,good
"Aman told Rahul that they might miss the train if they didn’t leave immediately","Aman warned Rahul that they would miss the train unless they left right away.",expressive,good
"Aman told Rahul that they might miss the train if they didn’t leave immediately","Aman told Rahul they might miss the train if they don’t leave now.",casual,good
"Sneha asked Pooja and Meera if they wanted to try the local street food","Sneha asked Pooja and Meera whether they would like to try the local street food.",formal,good
"Sneha asked Pooja and Meera if they wanted to try the local street food","Sneha excitedly asked Pooja and Meera if they were up for trying the local street food.",expressive,good
"Sneha asked Pooja and Meera if they wanted to try the local street food","Sneha asked Pooja and Meera if they wanted to try street food.",casual,good
"Arjun told Karan and Vivek that the trek was more difficult than they had expected","Arjun informed Karan and Vivek that the trek was more challenging than they had anticipated.",formal,good
"Arjun told Karan and Vivek that the trek was more difficult than they had expected","Arjun shared with Karan and Vivek that the trek turned out to be tougher than they had imagined.",expressive,good
"Arjun told Karan and Vivek that the trek was more difficult than they had expected","Arjun told Karan and Vivek the trek was harder than they thought.",casual,good
"Megha asked Rohan if he had checked the weather forecast before the trip","Megha asked Rohan whether he had reviewed the weather forecast prior to the trip.",formal,good
"Megha asked Rohan if he had checked the weather forecast before the trip","Megha reminded Rohan to check if he had looked at the weather forecast before their trip.",expressive,good
"Megha asked Rohan if he had checked the weather forecast before the trip","Megha asked Rohan if he checked the weather before the trip.",casual,good
"Vikram told his friends that they should visit the museum before it closed","Vikram suggested to his friends that they should visit the museum before it closed.",formal,good
"Vikram told his friends that they should visit the museum before it closed","Vikram encouraged his friends to visit the museum before it shut for the day.",expressive,good
"Vikram told his friends that they should visit the museum before it closed","Vikram told his friends to go to the museum before it closed.",casual,good
"Ankit asked Priya and Rahul if they had booked the tickets for the return journey","Ankit asked Priya and Rahul whether they had booked the tickets for their return journey.",formal,good
"Ankit asked Priya and Rahul if they had booked the tickets for the return journey","Ankit checked with Priya and Rahul to see if they had arranged tickets for the return trip.",expressive,good
"Ankit asked Priya and Rahul if they had booked the tickets for the return journey","Ankit asked Priya and Rahul if they booked return tickets.",casual,good
"Rohit told Neha and Simran that the sunset at the beach was worth the wait","Rohit told Neha and Simran that the sunset at the beach was truly worth the wait.",formal,good
"Rohit told Neha and Simran that the sunset at the beach was worth the wait","Rohit shared with Neha and Simran that the beach sunset was absolutely worth waiting for.",expressive,good
"Rohit told Neha and Simran that the sunset at the beach was worth the wait","Rohit told Neha and Simran the sunset at the beach was worth it.",casual,good
"Although Rahul had already planned everything in advance, the sudden change in weather forced him to reconsider the entire trip","Although Rahul had meticulously planned everything beforehand, the unexpected change in weather compelled him to reconsider the entire trip.",formal,good
"Although Rahul had already planned everything in advance, the sudden change in weather forced him to reconsider the entire trip","Even with careful planning, Rahul had to rethink his entire trip when the weather suddenly changed.",expressive,good
"Although Rahul had already planned everything in advance, the sudden change in weather forced him to reconsider the entire trip","Rahul planned everything, but bad weather made him rethink the trip.",casual,good
"Despite knowing that the decision might upset his team, Arjun chose to move forward with the new strategy","Despite being aware that the decision might upset his team, Arjun proceeded with the new strategy.",formal,good
"Despite knowing that the decision might upset his team, Arjun chose to move forward with the new strategy","Even though Arjun knew his decision might upset the team, he still decided to move ahead with the new plan.",expressive,good
"Despite knowing that the decision might upset his team, Arjun chose to move forward with the new strategy","Arjun knew his team might not like it, but he still went ahead with the plan.",casual,good
"She continued to smile during the conversation, even though she was deeply disappointed by the outcome","She maintained a smile throughout the conversation despite feeling deeply disappointed by the outcome.",formal,good
"She continued to smile during the conversation, even though she was deeply disappointed by the outcome","Even though she was truly disappointed, she kept smiling during the conversation.",expressive,good
"She continued to smile during the conversation, even though she was deeply disappointed by the outcome","She was disappointed but still kept smiling while talking.",casual,good
"While the journey was exhausting and filled with unexpected delays, the experience turned out to be incredibly rewarding","Although the journey was exhausting and marked by unforeseen delays, the experience proved to be highly rewarding.",formal,good
"While the journey was exhausting and filled with unexpected delays, the experience turned out to be incredibly rewarding","The journey was tiring and full of delays, but it turned out to be an incredibly rewarding experience.",expressive,good
"While the journey was exhausting and filled with unexpected delays, the experience turned out to be incredibly rewarding","The trip was tiring and delayed, but it was totally worth it.",casual,good
"He realized that waiting for the perfect moment was only holding him back from making real progress","He realized that waiting for the ideal moment was hindering his ability to make meaningful progress.",formal,good
"He realized that waiting for the perfect moment was only holding him back from making real progress","He understood that waiting for the perfect time was stopping him from moving forward.",expressive,good
"He realized that waiting for the perfect moment was only holding him back from making real progress","He realized waiting too long was stopping his progress.",casual,good
"Even after multiple failures, Neha refused to give up because she believed in her long-term goal","Despite experiencing multiple failures, Neha remained determined due to her belief in her long-term goal.",formal,good
"Even after multiple failures, Neha refused to give up because she believed in her long-term goal","Neha didn’t give up even after many failures because she believed in her bigger goal.",expressive,good
"Even after multiple failures, Neha refused to give up because she believed in her long-term goal","Neha failed many times but still didn’t give up.",casual,good
"The project seemed simple at first, but as they moved forward, they discovered multiple hidden challenges","Although the project initially appeared simple, they encountered several hidden challenges as they progressed.",formal,good
"The project seemed simple at first, but as they moved forward, they discovered multiple hidden challenges","The project looked easy at first, but they found many hidden problems along the way.",expressive,good
"The project seemed simple at first, but as they moved forward, they discovered multiple hidden challenges","The project seemed easy, but it had many hidden issues.",casual,good
"Rohit decided to take responsibility for the mistake, even though it wasn’t entirely his fault","Rohit chose to take responsibility for the mistake despite it not being entirely his fault.",formal,good
"Rohit decided to take responsibility for the mistake, even though it wasn’t entirely his fault","Even though it wasn’t fully his fault, Rohit stepped up and took responsibility.",expressive,good
"Rohit decided to take responsibility for the mistake, even though it wasn’t entirely his fault","Rohit took the blame even though it wasn’t all his fault.",casual,good
"The more he tried to control the situation, the more things seemed to fall apart around him","The more he attempted to control the situation, the more everything around him deteriorated.",formal,good
"The more he tried to control the situation, the more things seemed to fall apart around him","The harder he tried to control things, the more everything seemed to fall apart.",expressive,good
"The more he tried to control the situation, the more things seemed to fall apart around him","The more he tried to control things, the more everything went wrong.",casual,good
"She didn’t expect things to change so quickly, but she adapted faster than she had imagined","She did not anticipate such rapid changes, yet she adapted more quickly than expected.",formal,good
"She didn’t expect things to change so quickly, but she adapted faster than she had imagined","She didn’t expect things to change so fast, but she adjusted quicker than she thought.",expressive,good
"She didn’t expect things to change so quickly, but she adapted faster than she had imagined","Things changed fast, but she handled it quickly.",casual,good
"Instead of reacting emotionally, Karan chose to stay calm and think through the situation carefully","Rather than reacting emotionally, Karan chose to remain composed and analyze the situation carefully.",formal,good
"Instead of reacting emotionally, Karan chose to stay calm and think through the situation carefully","Karan stayed calm and thought things through instead of reacting emotionally.",expressive,good
"Instead of reacting emotionally, Karan chose to stay calm and think through the situation carefully","Karan stayed calm instead of reacting emotionally.",casual,good
"Even though they had limited resources, the team managed to deliver results beyond expectations","Despite having limited resources, the team successfully exceeded expectations.",formal,good
"Even though they had limited resources, the team managed to deliver results beyond expectations","Even with limited resources, the team delivered results beyond what was expected.",expressive,good
"Even though they had limited resources, the team managed to deliver results beyond expectations","The team had less resources but still did great work.",casual,good
"He kept pushing forward, not because it was easy, but because he knew it would be worth it in the end","He continued to persevere not due to ease, but because he believed the outcome would be worthwhile.",formal,good
"He kept pushing forward, not because it was easy, but because he knew it would be worth it in the end","He kept going, not because it was easy, but because he knew it would be worth it.",expressive,good
"He kept pushing forward, not because it was easy, but because he knew it would be worth it in the end","He kept going because he knew it would be worth it.",casual,good
"Although the feedback was harsh, she used it as motivation to improve rather than getting discouraged","Although the feedback was severe, she used it as motivation for improvement rather than becoming discouraged.",formal,good
"Although the feedback was harsh, she used it as motivation to improve rather than getting discouraged","Even though the feedback was tough, she used it to push herself to improve.",expressive,good
"Although the feedback was harsh, she used it as motivation to improve rather than getting discouraged","She got harsh feedback but used it to improve.",casual,good
"They initially disagreed on the approach, but eventually found a solution that worked for everyone","Although they initially disagreed on the approach, they ultimately found a solution that worked for everyone.",formal,good
"They initially disagreed on the approach, but eventually found a solution that worked for everyone","They didn’t agree at first, but eventually found a solution that worked for everyone.",expressive,good
"They initially disagreed on the approach, but eventually found a solution that worked for everyone","They argued at first but later found a solution.",casual,good
"She had to make a difficult choice between stability and pursuing something she was truly passionate about","She faced a difficult decision between maintaining stability and pursuing her true passion.",formal,good
"She had to make a difficult choice between stability and pursuing something she was truly passionate about","She had to choose between staying stable and following what she truly loved.",expressive,good
"She had to make a difficult choice between stability and pursuing something she was truly passionate about","She had to choose between a safe option and her passion.",casual,good
"The moment he stepped outside his comfort zone, he realized how much he had been limiting himself","Upon stepping outside his comfort zone, he realized the extent to which he had been limiting himself.",formal,good
"The moment he stepped outside his comfort zone, he realized how much he had been limiting himself","As soon as he stepped out of his comfort zone, he realized how much he had been holding himself back.",expressive,good
"The moment he stepped outside his comfort zone, he realized how much he had been limiting himself","He realized he was limiting himself when he stepped out of his comfort zone.",casual,good
"Even though the outcome was uncertain, they decided to take the risk and move forward with confidence","Despite the uncertain outcome, they chose to take the risk and proceed with confidence.",formal,good
"Even though the outcome was uncertain, they decided to take the risk and move forward with confidence","Even though they weren’t sure about the result, they took the risk and moved forward confidently.",expressive,good
"Even though the outcome was uncertain, they decided to take the risk and move forward with confidence","They weren’t sure about the result but still took the risk.",casual,good
"He learned that success was not about avoiding failure, but about growing through every mistake","He learned that success is not about avoiding failure but about growing from each mistake.",formal,good
"He learned that success was not about avoiding failure, but about growing through every mistake","He realized success isn’t about avoiding failure, but about learning from mistakes.",expressive,good
"He learned that success was not about avoiding failure, but about growing through every mistake","He learned success comes from mistakes, not avoiding them.",casual,good
"While others doubted his abilities, he continued to trust himself and stayed committed to his goals","Despite others doubting his abilities, he remained confident and committed to his goals.",formal,good
"While others doubted his abilities, he continued to trust himself and stayed committed to his goals","Even though people doubted him, he trusted himself and stayed focused on his goals.",expressive,good
"While others doubted his abilities, he continued to trust himself and stayed committed to his goals","People doubted him, but he still believed in himself.",casual,good
The rapid advancement of artificial intelligence is fundamentally changing the way we work and live,The rapid advancement of artificial intelligence is fundamentally changing the way we work and live.,formal,bad
The rapid advancement of artificial intelligence is fundamentally changing the way we work and live,Artificial intelligence is a rapidly growing field and will fundamentally change the way we work and live.,expressive,good
"After working the whole day, Aman just wanted to relax and watch a movie.","After working all day, Aman wanted to relax and watch a movie.",formal,good
"After working the whole day, Aman just wanted to relax and watch a movie.","After working hard the whole day, Aman wants to have some rest and watch a movie.",expressive,good
"After working the whole day, Aman just wanted to relax and watch a movie.","Aman just wanted to relax, watch movies after working all day.",casual,good
"Messi scored the winning goal in the final minutes of the match","Lionel Messi secured victory by scoring the decisive goal during the final moments of the match.",formal,good
"Messi scored the winning goal in the final minutes of the match","With seconds left on the clock, Messi delivered a breathtaking winning goal that electrified the stadium.",expressive,good
"Messi scored the winning goal in the final minutes of the match","Messi scored the winner right at the end of the game.",casual,good
"The team defended brilliantly despite being under constant pressure throughout the game","The team displayed exceptional defensive performance despite facing relentless pressure during the match.",formal,good
"The team defended brilliantly despite being under constant pressure throughout the game","Even under nonstop pressure, the team defended with incredible determination and resilience.",expressive,good
"The team defended brilliantly despite being under constant pressure throughout the game","The team defended really well even with constant pressure.",casual,good
"Rahul and Aman celebrated loudly after their club qualified for the tournament final","Rahul and Aman celebrated enthusiastically after their club secured a place in the tournament final.",formal,good
"Rahul and Aman celebrated loudly after their club qualified for the tournament final","Rahul and Aman erupted with excitement as their club reached the tournament final.",expressive,good
"Rahul and Aman celebrated loudly after their club qualified for the tournament final","Rahul and Aman celebrated after their team reached the final.",casual,good
"The goalkeeper made several important saves to keep his team in the match","The goalkeeper delivered multiple crucial saves to ensure his team remained competitive in the match.",formal,good
"The goalkeeper made several important saves to keep his team in the match","The goalkeeper pulled off incredible saves that kept his team alive in the game.",expressive,good
"The goalkeeper made several important saves to keep his team in the match","The goalkeeper made some great saves to keep his team in the game.",casual,good
"Fans filled the stadium hours before the football final began","Supporters arrived at the stadium several hours before the commencement of the football final.",formal,good
"Fans filled the stadium hours before the football final began","Excited fans packed the stadium long before the football final even started.",expressive,good
"Fans filled the stadium hours before the football final began","Fans came to the stadium early before the final started.",casual,good
"Virat Kohli played a remarkable innings under immense pressure","Virat Kohli delivered an exceptional innings despite facing tremendous pressure.",formal,good
"Virat Kohli played a remarkable innings under immense pressure","Under intense pressure, Virat Kohli produced a truly unforgettable innings.",expressive,good
"Virat Kohli played a remarkable innings under immense pressure","Virat Kohli played a great innings under pressure.",casual,good
"The bowlers maintained strict line and length throughout the match","The bowlers consistently maintained accurate line and length during the entire match.",formal,good
"The bowlers maintained strict line and length throughout the match","The bowlers showed incredible discipline by maintaining perfect line and length all game.",expressive,good
"The bowlers maintained strict line and length throughout the match","The bowlers kept a good line and length throughout the match.",casual,good
"Rohit and Neha watched the thrilling cricket match until late at night","Rohit and Neha remained engaged in the thrilling cricket match until late into the night.",formal,good
"Rohit and Neha watched the thrilling cricket match until late at night","Completely absorbed in the excitement, Rohit and Neha watched the cricket match late into the night.",expressive,good
"Rohit and Neha watched the thrilling cricket match until late at night","Rohit and Neha stayed up late watching the cricket match.",casual,good
"The captain's decision to bat first changed the momentum of the game","The captain’s decision to bat first significantly influenced the momentum of the match.",formal,good
"The captain's decision to bat first changed the momentum of the game","The captain’s bold choice to bat first completely shifted the energy of the game.",expressive,good
"The captain's decision to bat first changed the momentum of the game","The captain choosing to bat first changed the game.",casual,good
"The crowd applauded loudly after the batsman completed his century","The audience responded with loud applause after the batsman achieved his century.",formal,good
"The crowd applauded loudly after the batsman completed his century","The stadium erupted in applause as the batsman reached a magnificent century.",expressive,good
"The crowd applauded loudly after the batsman completed his century","The crowd cheered loudly after the batsman scored a century.",casual,good
"India dominated possession during most of the hockey match","India maintained control of possession for the majority of the hockey match.",formal,good
"India dominated possession during most of the hockey match","India completely controlled the flow of the hockey match with dominant possession.",expressive,good
"India dominated possession during most of the hockey match","India had most of the possession during the hockey game.",casual,good
"The striker scored a brilliant field goal from a difficult angle","The striker successfully converted a remarkable field goal from a challenging angle.",formal,good
"The striker scored a brilliant field goal from a difficult angle","From an almost impossible angle, the striker delivered a stunning field goal.",expressive,good
"The striker scored a brilliant field goal from a difficult angle","The striker scored a great goal from a tough angle.",casual,good
"Aman and Vikram celebrated after their team secured a dramatic victory","Aman and Vikram celebrated enthusiastically after their team achieved a dramatic victory.",formal,good
"Aman and Vikram celebrated after their team secured a dramatic victory","Aman and Vikram exploded with joy after their team pulled off a dramatic win.",expressive,good
"Aman and Vikram celebrated after their team secured a dramatic victory","Aman and Vikram celebrated after their team won dramatically.",casual,good
"The defenders worked tirelessly to stop repeated attacks from the opposition","The defenders exerted relentless effort to prevent continuous attacks from the opposing team.",formal,good
"The defenders worked tirelessly to stop repeated attacks from the opposition","The defenders fought relentlessly to block every dangerous attack from the opposition.",expressive,good
"The defenders worked tirelessly to stop repeated attacks from the opposition","The defenders worked hard to stop the opposition attacks.",casual,good
"The coach praised the players for their discipline and teamwork","The coach commended the players for demonstrating discipline and strong teamwork.",formal,good
"The coach praised the players for their discipline and teamwork","The coach proudly praised the players for their incredible discipline and teamwork.",expressive,good
"The coach praised the players for their discipline and teamwork","The coach praised the team for working well together.",casual,good
"PV Sindhu played aggressively from the beginning of the badminton match","PV Sindhu adopted an aggressive playing style from the start of the badminton match.",formal,good
"PV Sindhu played aggressively from the beginning of the badminton match","PV Sindhu came out attacking from the very first point of the match.",expressive,good
"PV Sindhu played aggressively from the beginning of the badminton match","PV Sindhu played aggressively from the start of the match.",casual,good
"The long rallies tested both players' stamina and concentration","The extended rallies challenged the stamina and concentration of both players.",formal,good
"The long rallies tested both players' stamina and concentration","The exhausting rallies pushed both players to their physical and mental limits.",expressive,good
"The long rallies tested both players' stamina and concentration","The long rallies tested both players a lot.",casual,good
"Neha and Priya watched the badminton finals together at the stadium","Neha and Priya attended the badminton finals together at the stadium.",formal,good
"Neha and Priya watched the badminton finals together at the stadium","Neha and Priya experienced the excitement of the badminton finals together at the stadium.",expressive,good
"Neha and Priya watched the badminton finals together at the stadium","Neha and Priya watched the badminton finals together.",casual,good
"The player remained calm despite trailing in the final set","The player maintained composure despite falling behind in the final set.",formal,good
"The player remained calm despite trailing in the final set","Even while trailing in the final set, the player stayed remarkably calm and focused.",expressive,good
"The player remained calm despite trailing in the final set","The player stayed calm even after falling behind.",casual,good
"The audience cheered loudly after the intense rally ended","The audience applauded enthusiastically following the conclusion of the intense rally.",formal,good
"The audience cheered loudly after the intense rally ended","The crowd burst into loud cheers after the breathtaking rally came to an end.",expressive,good
"The audience cheered loudly after the intense rally ended","The crowd cheered after the long rally ended.",casual,good
"The construction workers completed the bridge project ahead of schedule","The construction team successfully completed the bridge project before the scheduled deadline.",formal,good
"The construction workers completed the bridge project ahead of schedule","The construction workers exceeded expectations by finishing the bridge project earlier than planned.",expressive,good
"The construction workers completed the bridge project ahead of schedule","The workers finished the bridge project earlier than expected.",casual,good
"Rahul and Aman inspected the building site before the engineers arrived","Rahul and Aman conducted an inspection of the construction site prior to the engineers’ arrival.",formal,good
"Rahul and Aman inspected the building site before the engineers arrived","Before the engineers showed up, Rahul and Aman carefully examined the entire construction site.",expressive,good
"Rahul and Aman inspected the building site before the engineers arrived","Rahul and Aman checked the site before the engineers came.",casual,good
"The heavy rain delayed the construction work for several days","The construction activities were delayed for several days due to heavy rainfall.",formal,good
"The heavy rain delayed the construction work for several days","Continuous heavy rain brought the construction work to a temporary halt for days.",expressive,good
"The heavy rain delayed the construction work for several days","The rain delayed the construction work for a few days.",casual,good
"The engineers discussed safety measures during the site meeting","The engineers reviewed essential safety protocols during the site meeting.",formal,good
"The engineers discussed safety measures during the site meeting","During the meeting, the engineers focused seriously on improving site safety measures.",expressive,good
"The engineers discussed safety measures during the site meeting","The engineers talked about safety during the meeting.",casual,good
"Workers stayed late to finish the foundation before the storm arrived","The workers extended their hours to complete the foundation work before the storm arrived.",formal,good
"Workers stayed late to finish the foundation before the storm arrived","The workers pushed themselves late into the evening to complete the foundation before the storm hit.",expressive,good
"Workers stayed late to finish the foundation before the storm arrived","The workers stayed late to finish the foundation before the storm.",casual,good
"The doctors responded quickly when the patient’s condition suddenly worsened","The doctors reacted promptly when the patient’s condition deteriorated unexpectedly.",formal,good
"The doctors responded quickly when the patient’s condition suddenly worsened","As the patient’s condition suddenly became critical, the doctors acted immediately with urgency.",expressive,good
"The doctors responded quickly when the patient’s condition suddenly worsened","The doctors reacted fast when the patient got worse.",casual,good
"Neha visited the hospital every day to support her grandmother during recovery","Neha visited the hospital daily to support her grandmother throughout her recovery process.",formal,good
"Neha visited the hospital every day to support her grandmother during recovery","Every day, Neha visited the hospital to comfort and support her grandmother during recovery.",expressive,good
"Neha visited the hospital every day to support her grandmother during recovery","Neha went to the hospital daily to support her grandmother.",casual,good
"The nurses worked tirelessly during the emergency situation","The nursing staff worked continuously and diligently throughout the emergency situation.",formal,good
"The nurses worked tirelessly during the emergency situation","During the emergency, the nurses worked with incredible dedication and nonstop effort.",expressive,good
"The nurses worked tirelessly during the emergency situation","The nurses worked very hard during the emergency.",casual,good
"The surgeon explained the risks of the procedure to the patient’s family","The surgeon carefully explained the potential risks of the procedure to the patient’s family members.",formal,good
"The surgeon explained the risks of the procedure to the patient’s family","The surgeon patiently discussed every possible risk of the procedure with the patient’s worried family.",expressive,good
"The surgeon explained the risks of the procedure to the patient’s family","The surgeon explained the surgery risks to the family.",casual,good
"Rahul waited anxiously outside the operation theater for updates","Rahul waited outside the operation theater with great anxiety while expecting updates.",formal,good
"Rahul waited anxiously outside the operation theater for updates","Filled with worry, Rahul waited outside the operation theater hoping for good news.",expressive,good
"Rahul waited anxiously outside the operation theater for updates","Rahul waited nervously outside the operation theater.",casual,good
"The lawyer presented strong evidence during the court hearing","The lawyer submitted compelling evidence during the court proceedings.",formal,good
"The lawyer presented strong evidence during the court hearing","During the hearing, the lawyer confidently presented powerful evidence before the court.",expressive,good
"The lawyer presented strong evidence during the court hearing","The lawyer showed strong evidence in court.",casual,good
"The judge postponed the final decision until further investigation was completed","The judge deferred the final verdict pending the completion of further investigation.",formal,good
"The judge postponed the final decision until further investigation was completed","The judge decided to delay the final ruling until every detail had been thoroughly investigated.",expressive,good
"The judge postponed the final decision until further investigation was completed","The judge delayed the final decision until more investigation was done.",casual,good
"Priya and Karan discussed the case quietly outside the courtroom","Priya and Karan engaged in a quiet discussion regarding the case outside the courtroom.",formal,good
"Priya and Karan discussed the case quietly outside the courtroom","Outside the courtroom, Priya and Karan spoke softly while discussing the tense case.",expressive,good
"Priya and Karan discussed the case quietly outside the courtroom","Priya and Karan quietly talked about the case outside the courtroom.",casual,good
"The witness appeared nervous while answering the lawyer’s questions","The witness seemed visibly nervous while responding to the lawyer’s inquiries.",formal,good
"The witness appeared nervous while answering the lawyer’s questions","The witness struggled with visible nervousness while answering the lawyer’s intense questions.",expressive,good
"The witness appeared nervous while answering the lawyer’s questions","The witness looked nervous while answering questions.",casual,good
"The courtroom remained silent as the verdict was announced","The courtroom maintained complete silence as the verdict was delivered.",formal,good
"The courtroom remained silent as the verdict was announced","A deep silence filled the courtroom as the final verdict was announced.",expressive,good
"The courtroom remained silent as the verdict was announced","Everyone stayed quiet when the verdict was announced.",casual,good
"The manager appreciated the team for completing the project before the deadline","The manager commended the team for successfully completing the project ahead of schedule.",formal,good
"The manager appreciated the team for completing the project before the deadline","The manager proudly praised the team for finishing the project earlier than expected.",expressive,good
"The manager appreciated the team for completing the project before the deadline","The manager thanked the team for finishing the project early.",casual,good
"Rahul stayed late at the office to prepare the client presentation","Rahul remained at the office late to finalize the client presentation.",formal,good
"Rahul stayed late at the office to prepare the client presentation","Rahul worked late into the evening to perfect the presentation for the client meeting.",expressive,good
"Rahul stayed late at the office to prepare the client presentation","Rahul stayed late to finish the client presentation.",casual,good
"The employees attended a meeting to discuss the company’s future goals","The employees participated in a meeting regarding the organization’s future objectives.",formal,good
"The employees attended a meeting to discuss the company’s future goals","The employees gathered together to discuss the company’s ambitious plans for the future.",expressive,good
"The employees attended a meeting to discuss the company’s future goals","The employees attended a meeting about the company’s future plans.",casual,good
"Neha handled the difficult client conversation with professionalism","Neha managed the challenging client discussion with professionalism and composure.",formal,good
"Neha handled the difficult client conversation with professionalism","Despite the tension, Neha handled the difficult client conversation with remarkable professionalism.",expressive,good
"Neha handled the difficult client conversation with professionalism","Neha dealt with the difficult client very professionally.",casual,good
"The interns were excited to start their first day at the corporate office","The interns expressed enthusiasm as they began their first day at the corporate office.",formal,good
"The interns were excited to start their first day at the corporate office","Filled with excitement and nervous energy, the interns began their first day at the corporate office.",expressive,good
"The interns were excited to start their first day at the corporate office","The interns were excited for their first office day.",casual,good
"The composer spent weeks perfecting the background score for the emotional climax scene","The composer dedicated several weeks to refining the background score for the emotional climax scene.",formal,good
"The composer spent weeks perfecting the background score for the emotional climax scene","The composer poured weeks of passion into crafting the perfect background score for the film’s emotional climax.",expressive,good
"The composer spent weeks perfecting the background score for the emotional climax scene","The composer spent weeks working on the emotional scene’s background music.",casual,good
"The band practiced late into the night before performing at the music festival","The band rehearsed extensively late into the night in preparation for the music festival performance.",formal,good
"The band practiced late into the night before performing at the music festival","The band stayed up all night rehearsing, driven by excitement for the upcoming music festival.",expressive,good
"The band practiced late into the night before performing at the music festival","The band practiced all night before the festival.",casual,good
"Riya recorded her vocals multiple times to make the song sound flawless","Riya recorded her vocals repeatedly to ensure the song achieved a flawless sound quality.",formal,good
"Riya recorded her vocals multiple times to make the song sound flawless","Riya passionately re-recorded her vocals again and again until the song sounded absolutely perfect.",expressive,good
"Riya recorded her vocals multiple times to make the song sound flawless","Riya recorded her vocals many times to make the song better.",casual,good
"The guitarist improvised a beautiful solo during the live concert","The guitarist delivered an impressive improvised solo during the live concert performance.",formal,good
"The guitarist improvised a beautiful solo during the live concert","The guitarist amazed the crowd with a breathtaking improvised solo during the concert.",expressive,good
"The guitarist improvised a beautiful solo during the live concert","The guitarist played a cool solo during the concert.",casual,good
"The music producer carefully balanced every instrument during the final mix","The music producer meticulously balanced each instrument during the final mixing process.",formal,good
"The music producer carefully balanced every instrument during the final mix","The producer skillfully blended every instrument together to create a rich and immersive final mix.",expressive,good
"The music producer carefully balanced every instrument during the final mix","The producer adjusted all the instruments in the final mix.",casual,good
"Arjun listened to classical music every evening to relax after work","Arjun listened to classical music each evening as a way to unwind after work.",formal,good
"Arjun listened to classical music every evening to relax after work","Every evening, Arjun escaped into the soothing world of classical music after a long day at work.",expressive,good
"Arjun listened to classical music every evening to relax after work","Arjun listened to classical music to relax after work.",casual,good
"The singer captivated the audience with her powerful stage presence","The singer captivated the audience through her commanding stage presence.",formal,good
"The singer captivated the audience with her powerful stage presence","The singer completely mesmerized the audience with her electrifying stage presence.",expressive,good
"The singer captivated the audience with her powerful stage presence","The singer impressed everyone with her stage presence.",casual,good
"The orchestra performed the symphony flawlessly in front of a packed auditorium","The orchestra executed the symphony flawlessly before a full auditorium audience.",formal,good
"The orchestra performed the symphony flawlessly in front of a packed auditorium","The orchestra delivered a breathtakingly flawless symphony performance to a packed auditorium.",expressive,good
"The orchestra performed the symphony flawlessly in front of a packed auditorium","The orchestra played the symphony perfectly in front of a huge crowd.",casual,good
"Megha wrote heartfelt lyrics inspired by her personal experiences","Megha composed heartfelt lyrics inspired by her personal life experiences.",formal,good
"Megha wrote heartfelt lyrics inspired by her personal experiences","Drawing from her deepest emotions, Megha wrote heartfelt lyrics inspired by her own experiences.",expressive,good
"Megha wrote heartfelt lyrics inspired by her personal experiences","Megha wrote emotional lyrics based on her experiences.",casual,good
"The drummer maintained a steady rhythm throughout the energetic performance","The drummer consistently maintained a steady rhythm throughout the energetic performance.",formal,good
"The drummer maintained a steady rhythm throughout the energetic performance","The drummer drove the energetic performance forward with an unstoppable rhythm.",expressive,good
"The drummer maintained a steady rhythm throughout the energetic performance","The drummer kept a steady beat during the performance.",casual,good
"The cinematographer used natural lighting to enhance the realism of the scene","The cinematographer utilized natural lighting techniques to enhance the realism of the scene.",formal,good
"The cinematographer used natural lighting to enhance the realism of the scene","The cinematographer beautifully used natural light to make the scene feel raw and realistic.",expressive,good
"The cinematographer used natural lighting to enhance the realism of the scene","The cinematographer used natural light to make the scene look realistic.",casual,good
"The director carefully planned every camera angle before filming began","The director meticulously planned each camera angle prior to the commencement of filming.",formal,good
"The director carefully planned every camera angle before filming began","The director passionately crafted every camera angle before the cameras even started rolling.",expressive,good
"The director carefully planned every camera angle before filming began","The director planned all the camera angles before filming.",casual,good
"The film’s color grading gave the entire story a darker emotional tone","The film’s color grading contributed a darker emotional tone to the overall narrative.",formal,good
"The film’s color grading gave the entire story a darker emotional tone","The movie’s color grading wrapped the entire story in a hauntingly emotional atmosphere.",expressive,good
"The film’s color grading gave the entire story a darker emotional tone","The movie’s color grading made the story feel darker.",casual,good
"The crew spent hours setting up the perfect shot for the sunrise sequence","The crew dedicated several hours to preparing the ideal shot for the sunrise sequence.",formal,good
"The crew spent hours setting up the perfect shot for the sunrise sequence","The crew worked tirelessly for hours to capture the breathtaking sunrise shot perfectly.",expressive,good
"The crew spent hours setting up the perfect shot for the sunrise sequence","The crew spent hours preparing the sunrise shot.",casual,good
"The handheld camera movements created a sense of tension during the chase scene","The handheld camera movements effectively created tension throughout the chase scene.",formal,good
"The handheld camera movements created a sense of tension during the chase scene","The shaky handheld camera movements made the chase scene feel intense and nerve-wracking.",expressive,good
"The handheld camera movements created a sense of tension during the chase scene","The handheld camera made the chase scene feel tense.",casual,good
"The editor seamlessly connected multiple scenes to maintain the pacing of the film","The editor seamlessly integrated multiple scenes to preserve the film’s pacing.",formal,good
"The editor seamlessly connected multiple scenes to maintain the pacing of the film","The editor skillfully stitched the scenes together to keep the film flowing smoothly.",expressive,good
"The editor seamlessly connected multiple scenes to maintain the pacing of the film","The editor connected the scenes smoothly to keep the movie flowing.",casual,good
"The wide-angle shots captured the breathtaking beauty of the mountain landscape","The wide-angle shots effectively captured the breathtaking beauty of the mountainous landscape.",formal,good
"The wide-angle shots captured the breathtaking beauty of the mountain landscape","The wide-angle shots beautifully showcased the majestic beauty of the mountains.",expressive,good
"The wide-angle shots captured the breathtaking beauty of the mountain landscape","The wide shots showed the beauty of the mountains.",casual,good
"The actor’s subtle expressions added depth to the emotionally intense scene","The actor’s subtle expressions contributed significant depth to the emotionally intense scene.",formal,good
"The actor’s subtle expressions added depth to the emotionally intense scene","The actor’s quiet yet powerful expressions made the emotional scene feel deeply authentic.",expressive,good
"The actor’s subtle expressions added depth to the emotionally intense scene","The actor’s expressions made the emotional scene better.",casual,good
"The production team recreated an entire historical street for the film shoot","The production team reconstructed an entire historical street for the film production.",formal,good
"The production team recreated an entire historical street for the film shoot","The production team brought an entire historical street back to life for the movie shoot.",expressive,good
"The production team recreated an entire historical street for the film shoot","The production team rebuilt a historical street for the movie.",casual,good
"The slow-motion sequence emphasized the emotional impact of the final scene","The slow-motion sequence effectively emphasized the emotional impact of the concluding scene.",formal,good
"The slow-motion sequence emphasized the emotional impact of the final scene","The slow-motion sequence made the emotional ending feel even more powerful and unforgettable.",expressive,good
"The slow-motion sequence emphasized the emotional impact of the final scene","The slow-motion scene made the ending more emotional.",casual,good
i am very excited to see the worldcup as brazil has included neymar jr. in there squad,"I am extremely excited to watch the World Cup, as Brazil has included Neymar Jr. in their squad.",formal,good
i am very excited to see the worldcup as brazil has included neymar jr. in there squad,I can hardly contain my excitement for the World Cup now that Neymar Jr. has been included in Brazil’s squad.,expressive,good
i am very excited to see the worldcup as brazil has included neymar jr. in there squad,I’m really excited for the World Cup since Neymar Jr. is back in Brazil’s squad.,casual,good
i hope argentina does good in this worldcup as its messi last dance with them,"I hope Argentina performs exceptionally well in this World Cup, as it will likely be Lionel Messi’s final tournament with the national team.",formal,good
i hope argentina does good in this worldcup as its messi last dance with them,I truly hope Argentina shines in this World Cup because it feels like Messi’s final dance with the team.,expressive,good
i hope argentina does good in this worldcup as its messi last dance with them,I hope Argentina does well in this World Cup since it’s probably Messi’s last time playing for them.,casual,good
